{
    "ERR": [
        8121670.151266295,
        19633583.211808365
    ],
    "ERR_r": 13877626.68153733
}