{
    "WLQ_result": 1135.0,
    "C_result": 12.264532735360381,
    "Efficiency_result": 92.54327290656859
}