{
    "WLQ_result": 638.0,
    "C_result": 20.642461999571154,
    "Efficiency_result": 30.90716601601371
}