{
    "ERR": [
        8482565.421102375,
        19633583.211808365
    ],
    "ERR_r": 14058074.31645537
}