{
    "ERR": [
        8121670.151266295,
        20865012.904407986
    ],
    "ERR_r": 14493341.52783714
}