{
    "ERR": [
        6.5326363223427055,
        3.31679505448163
    ],
    "ERR_r": 4.924715688412167
}