{
    "ERR": [
        8169558.969954213,
        19444420.318438333
    ],
    "ERR_r": 13806989.644196272,
    "WLQ_Load": [
        700
    ],
    "WLQ_Load_r": 700.0,
    "C_Base": [
        0.6376836157067093,
        0.9726745429898448
    ],
    "C_Load": [
        20.642461999571154
    ],
    "C_Base_r": 0.805179079348277,
    "C_Load_r": 20.642461999571154
}