{
    "WLQ_result": 700.0,
    "C_result": 20.642461999571154,
    "Efficiency_result": 33.910683716629464
}