{
    "ERR": [
        8521072.486171406,
        19633583.211808365
    ],
    "ERR_r": 14077327.848989885
}