{
    "ERR": [
        8169558.969954213,
        19444420.318438333
    ],
    "ERR_r": 13806989.644196272,
    "WLQ_Load": [
        41,
        40
    ],
    "WLQ_Load_r": 40.5,
    "C_Base": [
        0.6376836157067093,
        0.9726745429898448
    ],
    "C_Load": [
        3.081951787938549,
        2.9702208910205385
    ],
    "C_Base_r": 0.805179079348277,
    "C_Load_r": 3.026086339479544
}