{
    "WLQ_result": 40.5,
    "C_result": 2.2209072601312667,
    "Efficiency_result": 18.235790718071787
}