{
    "ERR": [
        8169558.969954213,
        19444420.318438333
    ],
    "ERR_r": 13806989.644196272
}