{
    "ERR": [
        8855088.33050243,
        20648781.47900444
    ],
    "ERR_r": 14751934.904753435
}